Genotype,cyanide,linamarin,linamarase,VegBiomass,LatSpread,FrstFlwr,BnrLgth,BnrWdt,InflHt,InflWdt,InflNum,FlwrCt,SeedBm,AvgDMG1,AvgDMG2,VegGrowth,RFSeed,FrstFlwr.T,InflHt.T,SeedBm.T,InflNum.T,AvgDmg1.T,AvgDmg2.T,VegGrowth.T,VegBiomass.T,LatSpread.T,FlwrCt.S,BnrLgth.S,BnrWdt.S,InflHt.S,InflWdt.S,FrstFlwr.S,SeedBm.S,InflNum.S,AvgDmg1.S,AvgDmg2.S,VegGrowth.S
2,1,1,1,1.1684,283.5,2.2,6.32625,3.56875,23.2175,22.6725,4.2,32.75,0.03,43.26,21.37,-1.121777958664726,0.9282120989667508,1.4832396974191326,539.05230625,0.17320508075688773,1.6486586255873816,6.577233460962139,4.622769732530488,0.7926045933094723,1.0809255293497328,16.837458240482736,-0.5186606816861036,0.9857000334448635,0.9161683024141338,0.7190551770848992,0.838946018918761,-1.5463990331412947,0.0811420624423413,0.9443150092107783,0.6670230064541063,-0.2942535116889897,-1.1891821029954128
4,1,1,1,4.421,995.4,11.25,6.4725,3.7,20.62,17.72833333,4,29.5,0.038625,21.95,17.55,0.8856596953799585,1.1950730774196918,3.3541019662496847,425.18440000000004,0.19653244007033546,1.6094379124341003,4.685082710048992,4.189272013130682,1.623471495093141,2.10261741645978,31.549960380323775,-0.8457821730797526,1.2876965135915532,1.4122392214512363,-0.3496319645232579,-0.8061030752497989,0.3422440933281702,0.44458766827882384,0.8582522906782785,-1.2969043457658245,-0.8715946862472661,0.9123937979928815
5,0,1,0,0.795,298,7.666666667,5.7125,2.96125,20.095,21.4425,3,21.5,0.004375,43.175,24.45,-1.2343861288475397,0.13536426443265118,2.7688746210328845,403.80902499999996,0.06614378277661477,1.3862943611198906,6.570768600399804,4.944694126030447,0.7180625816406675,0.8916277250063505,17.26267650163207,-1.6510043057410426,-0.28165271657243907,-1.3799313799861672,-0.55024677480526,0.4296939607094591,-0.2485453097082061,-1.5868975035984294,0.36860436984513745,0.6603129087092352,0.13449201370744776,-1.3777269770276397
6,0,1,0,4.4474,1019.45,32,5.4225,3.2225,25.135,25.01,1,59.25,0.01496,21.72,15.92,0.9243303437957974,0.46286843335141975,5.656854249492381,631.768225,0.12231107881136524,0.6931471805599453,4.6604720790924175,3.9899874686520005,1.6353379906905476,2.108885961829136,31.928827100286664,2.1486376327544194,-0.8804833438718574,-0.3925140268551735,1.5892240723745819,1.6166912921417234,2.666881959068403,-0.7117981551788746,-1.1523809949285129,-1.3224485532068442,-1.1370059394827654,0.9424086428773712
8,0,0,1,1.17575,271,8.5,5.565,3.35,14.93,15.37,1.75,56,0.025875,30.1625,37.3375,-1.1345203354965654,0.8005829353588226,2.9154759474226504,222.9049,0.1608570794214541,1.0116009116784799,5.492039693957064,6.110441882548266,0.7845251203775662,1.0843200634499022,16.46207763315433,1.8215161413607703,-0.5862303632161087,0.08938343735229692,-2.2480905186509914,-1.5907801234173577,-0.10055067000102451,-0.11124262910906076,-0.4535922268669147,-0.4593363602355281,1.6870588413219403,-1.2096181386226956
9,1,1,1,2.7016,887.8,6.8,5.88625,3.29375,19.71166667,19.39166667,3.4,35.44444444,0.03092,27.4,20.24,0.15358591819618717,0.9566772700017312,2.6076809620810595,388.5498029091889,0.17584083712266613,1.4816045409242156,5.2345009313209605,4.498888751680797,1.3797050112963232,1.6436544649043485,29.795972882253736,-0.24745739439683437,0.07712942650781601,-0.12321838509217507,-0.6934595111805978,-0.2526700729057734,-0.4112709689306387,0.12220775086106662,0.5777452170735948,-0.7266445649088761,-0.4592407487342419,0.2958163814219769
10,0,1,0,2.4684,764.15,5.5,6.425,3.2,24.4075,18.5025,2.2,38.66666667,0.03344,44.50666667,22.36,-0.07926343248987952,1.0346470863149382,2.345207879911715,595.7260562499999,0.18286607121059936,1.1631508098056809,6.671331701392159,4.728636167014756,1.2925697534408425,1.571114254279427,27.64326319376929,0.0768681875968178,1.189612186706303,-0.4775547558329623,1.2509566573732944,-0.5485182759859443,-0.6762386208958759,0.23166250846666003,-0.12104355098800358,0.7646907573387004,-0.15325841783689625,0.0754184360442488
11,0,1,0,2.23125,798,5.666666667,5.575,2.945,19.76,18.3,1.5,39,0.02535,26.15,21.3,-0.12060475845706704,0.7843392236269046,2.380476142917631,390.45760000000007,0.15921683328090658,0.9162907318741551,5.113707070218238,4.61519230368573,1.2764776698175855,1.4937369246289656,28.24889378365107,0.1104191094555292,-0.565581031240267,-1.4413496842479048,-0.6755542182241169,-0.6158951392277198,-0.640635164875419,-0.13679804000070794,-0.6627330740953715,-0.852020604680234,-0.3043452872014908,0.03471548462480402
13,0,1,0,1.83,727.75,27,5.4325,3.13125,13.145,16.03,1.8,24.66666667,0.02194,38,17.09,-0.34672789408362537,0.6788324483776839,5.196152422706632,172.791025,0.1481215716902842,1.0296194171811583,6.164414002968976,4.1340053217188775,1.1845978667532602,1.3527749258468684,26.97684192043242,-1.3322705445604393,-0.8598340118960158,-0.73740142770954,-2.7184254496461637,-1.371181458036756,2.2018015771465858,-0.30966475914080965,-0.41405389513406665,0.23854370865496682,-0.9452000020441258,-0.19768320581889307
15,0,0,1,4.9618,1298.8,15.8,6.19,3.544,22.22625,23.5925,12.6,46.06666667,0.11294,38.4,18.98,1.4460383928283114,3.4944091485768283,3.9749213828703582,494.0061890625,0.3360654698120591,2.6100697927420065,6.196773353931867,4.356604182158393,1.7877467362096655,2.2275098204048396,36.03886790674757,0.8216986603085108,0.704352885274017,0.8226235005385658,0.2962827928104193,1.1450532494492962,0.9689638382895853,2.6185442592181976,3.053956880062585,0.2721305750425613,-0.6487382635154467,1.3279078678377505
16,1,1,1,1.3566,428.3,18.8,5.5125,2.71125,22.46,17.84,2.2,27.625,0.01368,21.85,13.21,-0.8787375833114541,0.4232647171288384,4.33589667773576,504.45160000000004,0.11696153213770756,1.1631508098056809,4.674398357008098,3.6345563690772495,0.9334143863732474,1.1647317287684749,20.69541011915444,-1.0345061104222424,-0.6946393560892796,-2.3248283686282667,0.39431635402485915,-0.7689487544929874,1.333369877596254,-0.7951453187233236,-0.12104355098800358,-1.3079939976699653,-1.6103763848616723,-0.8330210053626814
17,0,0,0,2.485,611.9,16.33333333,6.135,3.4225,25.41,24.25,2.8,28,0.0245,43.6,22.34,-0.2599253627060506,0.7580398808228466,4.041451883914987,645.6681,0.15652475842498528,1.33500106673234,6.603029607687671,4.726520919238589,1.22068613381735,1.5763882770434445,24.73661254092807,-0.9967613229537444,0.5907815594068847,0.36340356405850494,1.7196788964919845,1.363820101703455,1.036126651710934,-0.17874118340671857,0.25605056848441216,0.6937977008655856,-0.1560755483105343,-0.10640236142912857
18,0,0,0,2.8648,559,8.6,5.775,3.281,24.1875,22.09,8.4,51.6,0.07742,56.96,20.12,-0.19211045672155594,2.395406023400195,2.932575659723036,585.03515625,0.27824449680092506,2.2407096892759584,7.547184905645283,4.485532298401161,1.2481544548966863,1.692572007330855,23.643180835073778,1.378643968397061,-0.1525943917234265,-0.17140813151292228,1.1506191018804044,0.645133560457852,-0.08328844036564029,1.7176802444056878,2.243463340653958,1.6737684635056418,-0.4770291477945052,-0.03692461295098289
19,0,1,0,2.9592,1152.05,7.2,6.21,3.26625,21.905,23.45125,2.8,45.25,0.05816,35.56,23.64,0.5671441047750013,1.7994938558635412,2.6832815729997477,479.82902500000006,0.24116384471972577,1.33500106673234,5.96322060635023,4.862098312457287,1.5222168389473956,1.7202325424197742,33.9418620585259,0.739498900597162,0.7456515492257002,-0.22715705384280713,0.16322552112581779,1.098055807805342,-0.33495184242555176,1.1399551843430937,0.25605056848441216,0.029718267809463704,0.02448921118302527,0.6562825667452082
21,0,1,0,2.412,1134.6875,21,6.385,3.42,23.9625,22.2275,3,53.94444444,0.035,24.45,19.2,0.3548353612705737,1.0829141154612094,4.58257569495584,574.2014062499999,0.18708286933869708,1.3862943611198906,4.944694126030447,4.381780460041329,1.4508050734921538,1.553061492665374,33.6851228289285,1.6146187873823985,1.107014858802935,0.35395459417208414,1.0489408529190338,0.6908832824121436,1.582393356277112,0.2973611899917962,0.36860436984513745,-1.0274448639837994,-0.6152079790561323,0.47565526650544043
22,1,1,1,3.0938,1246.7,17.8,6.99,3.573333333,25.16,22.24666667,1.2,50.5,0.02964,21.76,24.44,0.7300532834252371,0.9170735537791499,4.219004621945797,633.0256,0.17216271373325875,0.7884573603642702,4.664761515876241,4.94368283772331,1.5748184922159243,1.7589201232574492,35.30863916947239,1.2679259251561334,2.3562994433413773,0.9334914126127088,1.6010249435676411,0.6972605174906141,1.2153668682969125,0.06490174525442845,-0.9432401477000557,-1.3179964014841004,0.13314515914990221,0.7893319957499815
23,1,1,1,0.94908,542.5,10.75,5.94625,3.4825,23.01333333,27.18333333,1.6,33.25,0.03136,33.61,29.13,-0.8811575557447888,0.9702910474532436,3.278719262151,529.6135109576888,0.17708754896942924,0.9555114450274363,5.797413216254298,5.397221507405454,0.9321171837570699,0.974207370121988,23.29162939770423,-0.4683342983947729,0.20102541836286728,0.5901788413326089,0.6304690293865475,2.3398141689525973,0.2661449446507766,0.1416318072388981,-0.576670355562872,-0.14237883832885628,0.7371772832967688,-0.8363021202452278
24,0,0,0,6.29825,1268.4375,7.75,6.136666667,3.635,25.335,22.945,2.25,36.75,0.0343,21.6,19.55,1.8754520134303743,1.061255833151985,2.7838821814150108,641.8622250000001,0.18520259177452134,1.1786549963416462,4.6475800154489,4.421538193886829,1.904061977308085,2.5096314470455616,35.6151302117513,-0.11604961535545859,0.5942231154245033,1.166566004404289,1.6839595282431472,0.9296136497009033,-0.23339511600715104,0.26806603449347766,-0.08702243472973079,-1.335829662721424,-0.5622578117797807,1.6221130011573195
25,0,0,0,1.069,283.35,8.2,6.4075,3.4775,23.91,25.335,2.6,34.625,0.03876,60.39333333,28.7,-1.1566654190403853,1.1992500318650423,2.8635642126552705,571.6881,0.19687559523719542,1.2809338454620642,7.771314774862745,5.357238094391549,0.7702821437367056,1.0339245620450266,16.83300329709467,-0.32993674434361375,1.1534758557485794,0.5712809015597674,1.0253526605937857,1.7248269985791402,-0.15295577896332294,0.44993410444588017,0.13740988931489476,1.9064004461281798,0.6839265518644168,-1.245644000770428
26,1,1,1,2.8774,767.55,3.6,5.545,3.345,22.78,21.775,3.2,34.16666667,0.04044,44.16,24.52,0.06769562208005028,1.2512299094071802,1.8973665961010275,518.9284,0.20109699152399071,1.4350845252893227,6.6452990903344595,4.951767361255979,1.3482194265326584,1.6962900695340994,27.704692743288092,-0.3760692620251578,-0.6275290271677936,0.07048549757945535,0.5301858059287659,0.540325106526201,-1.128336231986734,0.5157044263376398,0.47566550740420777,0.7376706285877299,0.14391229379263462,0.21617745727444773
28,1,1,1,3.018,954.55,9.25,5.373333333,3.235,19.45,17.0975,2.4,30.33333333,0.01938,32.48,24.65,0.3457987915984678,0.5996250159325212,3.0413812651491097,378.30249999999995,0.13921206844235884,1.2237754316221157,5.699122739510003,4.964876634922564,1.4476873942942474,1.7372391890583172,30.895792593814452,-0.7619048679297109,-0.9820092267747264,-0.34526917742306956,-0.7896337644523714,-1.0159972530461634,0.02655126415614384,-0.44847686222260313,0.011986150515283676,-0.24439785327663452,0.16137149396270867,0.4677694794374191
29,0,0,1,3.1974,1279.95,6.2,5.895,3.246,22.81,20.63,7.8,51.3,0.0976,27.92,28.37,0.8069440072868725,3.0197833619718297,2.4899799195977463,520.2960999999999,0.3124099870362662,2.174751721484161,5.2839379254491625,5.32634959423431,1.5990447171004545,1.78812751223172,35.7763888619296,1.3484481384222622,0.09519759198667602,-0.30369370992281675,0.5430221129419843,0.15935469461591628,-0.5300906536118383,2.249986414616976,2.0987305818472453,-0.6753322342539024,0.6427886123481149,0.8506092596293745
30,0,0,1,2.1612,720.35,8.8,5.70875,3.17125,23.60333333,20.315,3.8,41.83333333,0.05038,40.84,24.2,-0.24015788236206337,1.5587775181981636,2.9664793948382653,557.1173442870889,0.22445489524623874,1.5686159179138452,6.390618123468183,4.919349550499537,1.2287563296430812,1.470102037274964,26.839336802536682,0.3956019477708937,-0.2893962160633801,-0.586217909526804,0.8886014039252579,0.054546240684266584,-0.049062480842150376,0.8796259210654526,0.76867585155027085,0.4733286269384877,0.10073758698069235,-0.08598979110384088
31,1,1,1,4.128,1208.95,12.4,6.526666667,3.46,21.16,17.8,1.2,57,0.0397,27.52,15.56,1.0448943193744078,1.2283340109660004,3.521363372331802,447.7456,0.19924858845171275,0.7884573603642702,5.2459508194416005,3.944616584663204,1.671793743071916,2.031748015872047,34.769958297357796,1.9221689079434314,1.3995470624823412,0.5051381123548201,-0.13788780294788036,-0.7822577645160538,0.5110951681419623,0.48690588273022845,-0.9432401477000557,-0.7147603382165097,-1.1974318155152999,1.03461899629572
32,0,1,0,1.734,577.75,3.25,6.1425,3.2525,21.06,19.715,5,34.125,0.061325,43.15,33.45,-0.5639466001020704,1.8974202323045333,1.8027756377319946,443.52359999999993,0.24763884994079582,1.791759469228055,6.568865959965997,5.783597496368502,1.0890607879718788,1.3168143377105217,24.03643068344383,-0.38026312763494435,0.6062685583887668,-0.2791263882181223,-0.17751263895710256,-0.14508890966173474,-1.2238261920581956,1.2408372500645044,1.258323772383412,0.6583380937598505,1.251760768529153,-0.4393325265304883
34,0,1,0,2.1818,804.05,17.6,5.027,3.13,18.0525,16.865,2.4,32.93333333,0.01662,47.2,26.56,-0.13046004064324512,0.51422950282758,4.1952353926806065,325.89275624999993,0.12891857895586656,1.2237754316221157,6.870225614927067,5.1536394906900505,1.2726114722713902,1.4770917371646217,28.355775425828156,-0.5002076748147912,-1.6971644235164094,-0.7421259126527512,-1.281516166484362,-1.0933558738052391,1.1913717339564032,-0.6088517881763081,0.011986150515283676,0.9711294868071442,0.41276974586738574,0.024936412219703333
35,0,1,0,3.39575,1361,6.25,5.645,3.4525,20.835,16.83,2.75,41.33333333,0.018725,42.7,14.9625,0.9754547272438316,0.579359051771747,2.5,434.09722500000004,0.13683932183404007,1.3217558399823195,6.534523701081817,3.868139087468288,1.6508951290871965,1.8427560880376979,36.89173349139343,0.3452755644795631,-0.42103570740937424,0.47679120269555775,-0.2659822181935828,-1.1050012575754227,-0.5199753413872686,-0.4854447983258438,0.2269863284429029,0.6226931000789239,-1.299286118506611,0.9817585159708231
37,1,1,1,4.7,1038,16.5,6.28875,3.47125,27.67333333,25.71,1.6,52,0.04646,24.58,16.88,1.0352389962093924,1.4374911372665082,4.06201920231798,765.8133775932888,0.21554581879498383,0.9555114450274363,4.957822102496216,4.1085277168348275,1.6689035311273663,2.16794833886788,32.218007387174026,1.4189050750301253,0.9082650385354566,0.5476584768437145,2.847281199172336,1.8495989675453908,1.0568894439158374,0.7408204675736267,-0.576670355562872,-1.0138188925605491,-0.9791315999982156,1.0273085597403886
38,1,1,1,2.3576,669.8,10,5.058,2.834,22.85833333,19.82333333,5.4,41.1,0.0769,33.4,21.89,-0.23349585654713018,2.3793170136847714,3.1622776601683795,522.503402625389,0.27730849247724093,1.8562979903656263,5.779273310719955,4.678675026115834,1.2314642274353202,1.5354478174135389,25.880494585691363,0.32178991927911793,-1.6331514943912997,-1.860883947204996,0.563738362244155,-0.10904367529167963,0.14859667031573623,1.7030970824662721,1.399941813785647,-0.16120686068827336,-0.219797692389001,-0.07914049583128634
40,0,1,0,1.2776,855.95,21.2,6.035,3.2625,20.7825,20.5375,2,28.375,0.01548,38.88,26,-0.3825846456607508,0.47895744306684346,4.604345773288535,431.91230625,0.12441864811996632,1.0986122886681098,6.235382907247958,5.0990195135927845,1.1693653639214945,1.1303096920755833,29.256623181768603,-0.9590165354852465,0.3842882396484653,-0.2413305086724375,-0.28648838758302514,0.12857760893757528,1.6043703395595035,-0.678961742196402,-0.2626615923902382,0.3122047381492117,0.3400257374898048,-0.236211953075827
41,1,1,1,3.8536,1061.25,11.4,5.464,3.402,22.432,20.539,4,61.5,0.11142,40.04,27.16,0.7682071610773973,3.447379735562513,3.3763886032268267,503.1946239999999,0.333796345096827,1.6094379124341003,6.32771680782255,5.2115256883181535,1.5868859949843268,1.9630588376307012,32.57683225852385,2.3751063575654072,-0.7947886161721129,0.28592201098985376,0.38251922757589374,0.1290766968134403,0.36474254467879264,2.583190775964281,0.8582522906782785,0.4080412209390124,0.489863773895014,0.8198552636148355
43,1,1,1,3.7816,1440.65,9,5.45375,2.88,21.04333333,18.30333333,3.6,35.5,0.0197,45.84,14.28,1.2077132161059447,0.6095259449881664,3,442.82187763748885,0.140356688476182,1.5260563034950494,6.770524351924303,3.778888725538237,1.7198003419309884,1.9446336415890784,37.95589545775465,-0.24186557358378513,-0.8159541814473512,-1.6870229012948506,-0.18409853036840168,-0.614786056168215,-0.015223292576634549,-0.43064341969464365,0.6752865217269782,0.8676461690178476,-1.4181515853371847,1.156045798872707
45,0,0,0,1.2076,242.3,7.75,5.1525,3.1275,19.72,17.545,1.4,28,0.01008,39.65,29.84,-1.1585487848206328,0.31187926525282833,2.7838821814150108,388.87839999999994,0.10039920318408907,0.8754687373538999,6.296824596572466,5.462600113499065,0.7690586552268736,1.0989085494252924,15.565988564816564,-0.9967613229537444,-1.4380153072195927,-0.7515748825391719,-0.6903755211672167,-0.8671027034131038,-0.23339511600715104,-1.053190200689062,-0.7523095132233797,0.37597714855190656,0.8242498549479625,-1.2487386648638936
46,1,1,1,2.4506,957.8,8.8,5.7125,3.05375,19.99,21.33,7.2,38.55555556,0.07766,19.48,22.08,0.15168129024497554,2.402831720191929,2.9664793948382653,399.60009999999994,0.27867543845843323,2.1041341542702074,4.4136152981427825,4.698936049788292,1.3790146084233392,1.565439235486322,30.94834405909305,0.0656845469772478,-0.28165271657243907,-1.0303194941885911,-0.5897488977091238,0.3922623700195837,-0.049062480842150376,1.7243944142218548,1.9437731799552327,-1.5786695672851274,-0.1928136445351719,0.2940700920503323
47,1,1,1,3.195,746.9375,9.75,6.385,3.575,20.43,15.17,2,46.16666667,0.03345,27.5375,24.575,0.15333634916047723,1.0349564903479271,3.122498999199199,417.3849,0.18289341158171882,1.0986122886681098,5.247618507475558,4.957317823178175,1.3796145654350267,1.7874562931719478,27.330157335807638,0.8317639369667771,1.107014858802935,0.9397907271301866,-0.4228327955166077,-1.657325173532691,0.10843994906946144,0.23208847771640603,-0.2626615923902382,-0.7130293883208538,0.15130451308720988,0.29558760971132536
49,0,1,0,2.1778,589.8,13.25,5.735,3.4425,20.63625,18.905,6.8,38.41666667,0.03352,34.95,20.23,-0.39424425690722487,1.0371223185788496,3.640054944640259,425.8548140625,0.18308467986153293,2.0541237336955462,5.911852501542981,4.497777228809804,1.1643692468855296,1.4757371039585607,24.285798319182344,0.05170499595115249,-0.2351917196267946,0.43899532314987294,-0.3433399116372236,-0.4145963626288354,0.6309147967404609,0.235068481363637,1.8340344117490532,-0.023598428026727344,-0.4607210977445568,-0.2488490182167787
50,0,0,0,2.2098,704.9,7.666666667,5.591666667,2.851666667,21.9075,22.695,2.6,46.66666667,0.05242,39.5125,22,-0.24211135455471405,1.6218959409279028,2.7688746210328845,479.93855625,0.22895414388038493,1.2809338454620642,6.28589691293136,4.69041575982343,1.2279611742417942,1.4865396059304978,26.54995291897897,0.8820903202581077,-0.5311654772588861,-1.7941112254144256,0.1642535073454132,0.8464323370567363,-0.2485453097082061,0.9497252462258257,0.13740988931489476,0.3646349355761078,-0.20416114187080175,-0.08800103914525177
51,0,1,0,1.975,482.3,6.8,6.047,3.367,21.36,18.93833333,6.8,44.53333333,0.05318,30.04,18.47,-0.59670140154549145,1.6454106474350603,2.6076809620810595,456.2496,0.2306078923194087,2.0541237336955462,5.4808758424178885,4.29767378938886,1.0739174076503781,1.4053469322555197,21.961329650091773,0.6673644175440786,0.40906743801947487,0.15363643257995932,-0.058075011516706306,-0.4035055220520314,-0.4112709689306387,0.9754910260230975,1.8340344117490532,-0.47092369987182775,-0.7272229720990331,-0.4776358493308619
52,1,1,1,2.042,355.5,8,6.575,3.825,22.25,23.69,1.6,52,0.0437,18.4,16.7,-0.728598954293906,1.3520956241615671,2.8284271247461903,495.0625,0.20904544960366872,0.9555114450274363,4.2895221179054435,4.08656334834051,1.0106438767964183,1.4289856542317,18.854707634964804,1.4189050750301253,1.499352166343934,1.8846877157722859,0.3061966127235371,1.1774939613805213,-0.18842681318601812,0.6395432253811778,-0.576670355562872,-1.7074700821354658,-1.0083841975032204,-0.6376784835092822
53,0,1,0,3.090333333,795.6666667,8.333333333,6.065,3.326666667,22.87,20.88666667,5,45.5,0.054766667,35.93333333,24.51666667,0.17647146194382954,1.6945027643161028,2.886751345890394,523.0369000000001,0.23402279162508938,1.791759469228055,5.994441869765692,4.95143076998962,1.3879738693303378,1.7579343938270278,28.207563997977562,0.7646620922428272,0.4462362355759919,0.0011930530055633943,0.5687454077155703,0.2447541767063457,-0.12954827295037552,1.0286959400618765,1.258323772383412,0.06212387458413373,0.14346401462444197,0.31673144343211734
54,0,1,0,4.4548,1099.3,20.2,5.983333333,3.58,24.85,25.31,2.2,47.125,0.03438,36.64,23.92,1.024704620182756,1.0637310654158965,4.494441010848846,617.5225,0.18541844568434931,1.1631508098056809,6.053098380168622,4.890807704254994,1.6657444642509716,2.1106397134518247,33.15569332708939,0.9282228379396518,0.277600023751637,0.9586886669030282,1.455523334108958,1.7165088673147229,1.4934210315285459,0.27142908789251274,-0.12104355098800358,0.1230054534490812,0.06272496938791372,1.0193180876168881
55,1,1,1,3.724,1297.4,3.2,5.9,3.208,22.535,21.549,4.2,44.4,0.0441,32.12,22.17,1.0121677833021927,1.3644717854811237,1.7888543819998317,507.826225,0.21,1.6486586255873816,5.6674509261219015,4.708502946797421,1.6619770706306969,1.929766825292631,36.01943919607855,0.6539440490018997,0.10552225797459863,-0.44731805219641513,0.4259883014946881,0.46512919989587437,-1.2378797567638475,0.6544153393840721,0.9443150092107783,-0.27727110112820186,-0.18007225442180352,1.0097889276215755
56,0,0,0,0.9378,217.45,4.2,5.5675,3.39,18.65,16.47,2.2,36.5,0.02076,36,38.3,-1.2831779980411335,0.6423227724849916,2.04939015319192,347.82249999999993,0.144083309234623,1.1631508098056809,6,6.18869937870632,0.6832437353967225,0.9684007434941384,14.746185947559457,-0.1412128070011239,-0.5810680302221491,0.24056695553503296,-1.0756984261200804,-1.2247823477830229,-0.9748678281685175,-0.37258181396057277,-0.12104355098800358,0.06789284621025332,1.7912837835256408,-1.4657969771797748
57,0,0,1,3.1544,1011,19.6,5.46125,3.175,19.80666667,19.68666667,3.6,37.625,0.03888,30.24,21.33,0.46255363310833364,1.2029628802609091,4.427188724235731,392.3040445764888,0.1971801207018598,1.5260563034950494,5.499090833947008,4.618441295502196,1.4874655065272382,1.776063061943466,31.796226191169293,-0.02797844459563001,-0.8004671824654709,-0.5720444546971736,-0.6582247384648836,-0.15451612398565576,1.425529572618206,0.4546786809969766,0.6752865217269782,-0.4520177432152408,-0.30001821310743204,0.5683833345280471
58,0,1,0,1.49625,653.5,2,5.628333333,3.293333333,20.995,19.95,2.75,30.5,0.0337,36.75,29.25,-0.5541833141313259,1.0426915911726502,1.4142135623730951,440.790025,0.1835755975068582,1.3217558399823195,6.06217782649107,5.408326913195984,1.0935340350755773,1.2232129822725069,25.563646062328434,-0.7451294064970914,-0.45545126139075526,-0.12479321466644157,-0.20316812476806986,-0.06689847577621792,-1.6160811993132285,0.2427170908193248,0.2269863284429029,0.13242931831136198,0.7519676910339268,-0.4280179967398357
60,0,0,1,0.5997,189,9,5.52625,3.47625,21.94666667,19.81,2.5,28.5,0.017175,51.38,28.04,-1.4360618006277082,0.5314014266584649,3,481.65617792408887,0.13105342422081157,1.252762968495368,7.167984374982971,5.295280917949491,0.5603018823565488,0.7744029958619737,13.74772708486752,-0.9464349396624139,-0.666246524622497,0.5665564166165561,0.18037394248554972,-0.11348001085695164,-0.015223292576634549,-0.5755904095410592,0.07559402569907438,1.2801833890687206,0.6014107105610342,-1.7767633124825923
61,0,1,0,1.771,586.3333333,10,5.686666667,2.97,22.605,21.23333333,2.666666667,49.33333333,0.025266667,49.53333333,36.2,-0.540516865618595,0.781760866998798,3.1622776601683795,510.98602500000004,0.15895492128273347,1.29928298422117,7.037992137676768,6.016643582596529,1.099765035987872,1.3307892395116516,24.214320830863706,1.150497697140853,-0.3349968234883875,-1.3468599853836936,0.45564404683384924,0.3600989280214224,0.14859667031573623,-0.14087868897485015,0.17767373556794477,1.1452600430833593,1.562136337137413,-0.41225744432379563
62,0,0,1,3.3516,959.2,4.4,6.166666667,2.901666667,24.21,22.43,2.8,34.11111111,0.04168,31.03,30.43,0.4679641148446561,1.2895960094978058,2.0976176963403033,586.1241,0.20415680248279752,1.33500106673234,5.570457790882182,5.51633936592012,1.4892830875440224,1.830737556287083,30.97095413447897,-0.3816610828382063,0.6561711113520299,-1.6051318276860047,1.1608391912970355,0.7582601456539191,-0.9261819257420179,0.563376982529097,0.25605056848441216,-0.3779435613869433,0.8958208960957963,0.5729806827372095
63,0,0,0,2.176,645.1875,14.25,6.361666667,3.881666667,22.89666667,21.56,1.5,47.33333333,0.018625,55.3,21.25,-0.32704073252743165,0.5762650114418578,3.774917217635375,524.2573445970888,0.1364734406395618,0.9162907318741551,7.436396977031283,4.6097722286464435,1.1928785635900112,1.475127113166862,25.40054133281415,0.9491921639755305,1.058833084880948,2.0988643677910246,0.5801996751286405,0.4687891776522175,0.7670588139435485,-0.491145311213073,-0.6627330740953715,1.5587779199689702,-0.31156385456490937,-0.17673819900956295
66,0,1,0,4.0628,1242,13.4,6.267,3.306,23.905,23.05,3,50,0.01426,31.68,22.52,1.062606561824637,0.4412101510421956,3.6606010435446255,571.449025,0.11941524190822543,1.3862943611198906,5.628498911788116,4.745524207081869,1.6770827534217378,2.0156388565415186,35.24202037341219,1.217599541864803,0.8633527414880005,-0.07691843264871269,1.0231088643671389,0.9645498010114536,0.6516561677745506,-0.7569159579924386,0.36860436984513745,-0.3177007161243995,-0.13076657889058366,1.0479968991432174
67,0,0,1,2.2748,601.2,7.75,5.7925,3.085,21.52,18.0925,2,33.22222222,0.02458,55.31666667,31.73,-0.34641706440943926,0.7605151130867579,2.7838821814150108,463.11039999999997,0.1567801007781281,1.0986122886681098,7.437517507206286,5.632938842203065,1.1847290557720616,1.5082440120882297,24.51938009004306,-0.4711302088012975,-0.11645806076570284,-0.9122073706083288,0.006315816264455492,-0.6849356287223782,-0.23339511600715104,-0.17476289100822137,-0.2626615923902382,1.559940956190378,1.0511104756656242,-0.19735137928952307
68,0,0,1,1.789,459,1,5.4975,3.105,16.59,14.6,2.333333333,45.66666667,0.031833333,41.1,32.51666667,-0.6901750675091012,0.9849361613679178,1,275.2281,0.17841898161350433,1.2039728042259361,6.410928169929843,5.702338701795957,1.0294779902896898,1.3375350462698163,21.42428528562855,0.7814375536754464,-0.7256133540530438,-0.8366156115169607,-1.7570203577135943,-1.846978566361392,-2.034231487819171,0.16237583306085993,-0.03146711207942728,0.49440911206984495,1.1435386353962325,-0.5900399039137221
70,0,1,0,3.546,866.4,11.33333333,5.675,3.585,18.95,19.67,2.2,21.77777778,0.00986,28.72,28.19,0.4221851465440396,0.30507237652707214,3.3665016456256187,359.10249999999996,0.09929753269845128,1.1631508098056809,5.359104402789705,5.309425580983314,1.4738334867087393,1.8830825791770258,29.434673431176368,-1.6230452036888525,-0.3590877114818477,0.9775866066758698,-0.9698319765265186,-0.16006154593768418,0.3547616204673655,-1.0703544794102278,-0.12104355098800358,-0.5973144015057088,0.6202488635759685,0.5339028127130002
71,1,1,1,4.8125,1869.8125,5.25,5.77875,3.51375,24.3375,22.305,7,45.5,0.044575,21.3,20.5875,2.0932205086287707,1.3791684770480972,2.29128784747792,592.31390625,0.21112792330717411,2.0794415416798357,4.61519230368573,4.537345038676252,1.9604133514717683,2.1937410968480306,43.241328610485596,0.7646620922428272,-0.1448508922324873,0.7082909649128714,1.2189325256374195,0.7166694893318355,-0.7306711145816636,0.6719886430831611,1.8895897346187875,-1.3694459657442186,-0.4080238751279719,1.764646889167226
72,0,1,0,6.3072,1863.8,5,6.045,3.201666667,24.115,21.01166667,5,55.66666667,0.05106,40.84,12.4,2.607705285687703,1.57981699244141,2.23606797749979,581.5332249999999,0.22596459899727656,1.791759469228055,6.390618123468183,3.521363372331802,2.087511745041858,2.511413944374762,43.17175002243944,1.7879652195020588,0.4049375716243069,-0.47125544131548625,1.1177523440649564,0.28634483302842917,-0.7864157995946995,0.9031474516020547,1.258323772383412,0.4733286269384877,-1.7611291449529338,2.086126683834474
75,0,0,0,1.86825,506.9375,22.33333333,5.535,3.161666667,19.21333333,19.23,1.25,46.75,0.025725,20.375,9.725,-0.6037982297756002,0.7959418748639889,4.725815625899935,369.15217764968895,0.1603901493234544,0.8109302162163288,4.513867521316947,3.118493225902535,1.070608131028529,1.36683941997588,22.515272594396897,0.8904780504711538,-0.6481783591436352,-0.6224389594982223,-0.875512500255921,-0.30646065619141855,1.7269946535081637,-0.11851750707833683,-0.8939275546256142,-1.4746143892727088,-2.2976798881863068,-0.4860062585784227
76,0,0,1,2.3696,834.95,15.8,6.405,3.30125,23.585,23.345,2.4,44.46666667,0.03054,36.76,22.6,-0.02705036851437194,0.9449199167481525,3.9749213828703582,556.2522250000001,0.17475697410976193,1.2237754316221157,6.063002556489647,4.753945729601885,1.3126117596173013,1.5393505123915086,28.89550137997263,0.6606542337762534,1.14831352275462,-0.0948714754329127,0.8804819795104518,1.0627037499315701,0.9689638382895853,0.10532091664740442,0.011986150515283676,0.1332853335107956,-0.11955062206846417,0.12611223200300395
77,0,0,1,6.18025,1414.75,12,6.92,3.24,25.92,25.05,2,57.66666667,0.100125,29.2,12.55,2.0134403831025347,3.0979078803015314,3.4641016151377544,671.8464000000001,0.3164253466459348,1.0986122886681098,5.403702434442518,3.5425979167836705,1.9399588611881786,2.486010860796871,37.613162589710534,1.9892707526673814,2.211754119510483,-0.3263712376502263,1.9653707118638948,1.6300003021647897,0.4532891896175773,2.31254663784576,-0.2626615923902382,-0.5510245939013934,-1.732848542111411,1.7129097652612075
78,0,1,0,2.41725,809.625,2.666666667,7.341666667,3.891666667,24.63333333,23.73333333,3.333333333,40.55555556,0.0574,49.05,15.36666667,-0.04142923131645455,1.7759791493563832,1.6329931619575142,606.8011109468888,0.2395829710142188,1.466337068716504,7.003570517957251,3.920034013883043,1.3071230885741194,1.5547507838878873,28.45391010037109,0.2669900801425703,3.0824676185134656,2.1366602473367076,1.3548996289880215,1.1919120544630926,-1.3952222970568173,1.1153248096003459,0.5442435273368514,1.1095326781034562,-1.2301713886496872,0.11222931192514222
79,0,1,0,1.454,330.5,3,6.4975,3.28625,23.09,25.02,2.4,53.75,0.0498,50.58,38.53,-0.9645057922068854,1.5408320842848064,1.7320508075688772,533.1481,0.22315913604421397,1.2237754316221157,7.111961754677819,6.2072538211353985,0.8862811110438463,1.2058192235986287,18.179658962697843,1.5950474165497825,1.3393198435311573,-0.15156529475143912,0.6636422911491174,1.6200185446474893,-1.2952231979114308,0.8594376956486733,0.011986150515283676,1.2220356139470916,1.815994971395578,-0.9522388432068297
80,0,0,0,3.4856,1270.15,4.4,5.768,3.639,17.64125,16.28125,2.6,41,0.02266,34.4,19.29,0.8955620947887729,0.7011095387528858,2.0976176963403033,311.2137015625,0.1505323885414697,1.2809338454620642,5.865151319446072,4.3920382511995495,1.6265183966954608,1.8669761648183942,35.6391638510221,0.3117246426208517,-0.16704892410651706,1.1816843562225625,-1.4192838440690558,-1.2875842388293688,-0.9261819257420179,-0.2721036799262069,0.13740988931489476,-0.07207116671145429,-0.6015464419115764,0.9201005618155487
81,0,0,0,3.46375,900.3125,3.25,5.27,3.176666667,20.07,14.325,3,33,0.037375,39.25,21.7,0.43500096843548086,1.1563975732960772,1.8027756377319946,402.80490000000003,0.19332614929181205,1.3862943611198906,6.264982043070834,4.658325879540846,1.4781748774875998,1.861115257043475,30.00520788129954,-0.49349749004043825,-1.1953856565034497,-0.5657451401796958,-0.5596708128104131,-1.938478010269976,-1.2238261920581956,0.39463292291608615,0.36860436984513745,0.34292668375347435,-0.246899104136053,0.5448838281055254
82,0,0,1,2.15175,394.875,7,6.2225,3.9075,16.87,19.13,2,10.66666667,0.0202,33.65,31.95,-0.642059901400138,0.6249961466376123,2.6457513110645907,284.59690000000006,0.14212670403551894,1.0986122886681098,5.80086200490927,5.6524331044250316,1.0525873353788093,1.4668844535272707,19.871461949237656,-2.7414092767176967,0.771463214195503,2.1965037220241785,-1.6690911384802463,-0.33973318124908586,-0.3728387956338922,-0.40306617150897495,-0.2626615923902382,-0.13879922377211085,1.0770733348565793,-0.5315876504629511
84,1,1,1,2.9992,854.8,10.2,5.44375,3.75625,20.04,19.715,3.6,27.08333333,0.00668,33.12,19.49,0.2170732744034668,0.20668189403659654,3.1937438845342623,401.60159999999996,0.0817312669668102,1.5260563034950494,5.754997827975263,4.414748010928823,1.402523894414447,1.7318198520631412,29.23696290656743,-1.08902635932336,-0.8366035134231946,1.6248410438957082,-0.5709641726327482,-0.14508890966173474,0.18036195274976508,-1.3440409265273034,0.6752865217269782,-0.18640320644858688,-0.5713011170360779,0.3535339469497028
86,1,1,1,3.8702,1073,3.8,5.8075,3.43375,19.7575,18.9125,3.4,30.83333333,0.03848,29.96,27.45,0.7883927483748479,1.1905867189413524,1.9493588689617927,390.35880625,0.19616319736382765,1.4816045409242156,5.473572873361603,5.239274758971894,1.5932334255766942,1.9672823894906395,32.7566787083184,-0.7115784846383802,-0.08548406280194047,0.40592392854739934,-0.6764814295321436,-0.41210092324951036,-1.0758498194891486,0.4388347822635571,0.5777452170735948,-0.4785036988096145,0.5268205566580525,0.8359103106235422
87,1,1,1,0.6045,124.4375,2.25,5.955,3.1975,24.425,23.895,4.25,28.55555556,0.02135,53.64166667,45.0875,-1.5134543667342575,0.6605776104313378,1.5,596.580625,0.14611639196202458,1.6582280766035324,7.324047150995138,6.714722630161279,0.48635957198943103,0.7774959806970065,11.155155758661552,-0.940843118849365,0.2190935838417291,-0.4870037257193848,1.2589770615839433,1.2457026377487377,-1.529479439008537,-0.34090591898903244,0.9653134282373488,1.4421662301958107,2.4918523638181664,-1.9637913156409028
88,0,0,0,1.4488,505.4,1.5,5.423333333,3.293333333,21.15,20.85,2.6,41.16666667,0.0418,33.28,26.84,-0.7521247512243647,1.293308857893673,1.224744871391589,447.32249999999993,0.2044504830026087,1.2809338454620642,5.768882040742383,5.180733538795447,0.9989370594665288,1.2036610818664863,22.48110317577854,0.3285001040534709,-0.8787625668955148,-0.12479321466644157,-0.1418587333399943,0.23255424974278405,-1.8073506192299968,0.5679525923532067,0.13740988931489476,-0.17199231175416066,0.4488541561345631,-0.6672894418047106
89,0,0,0,0.8202,237.8,6.4,5.875,3.438333333,20.39,20.715,4.4,34.22222222,0.02114,43.23,30.04,-1.2993137280080571,0.6540801257385704,2.5298221281347035,415.75210000000004,0.1453960109494067,1.6863989535702288,6.5749524713111045,5.4808758424178885,0.6713317153181003,0.9056489386070079,15.42076522096099,-0.3704774422186363,0.053898928034992875,0.4232470387459761,-0.43815715180174636,0.18763634091493334,-0.4898697808354989,-0.3521296203109848,1.0271292918531696,0.6646554900373325,0.8485898464351398,-1.4959269706547573
90,0,1,0,0.963333333,199.3333333,17.66666667,5.913333333,3.026666667,22.885,20.1025,2.333333333,39.91666667,0.026833333,18.075,27.4,-1.2964506038708539,0.8302341448734595,4.20317340470269,523.7232250000001,0.16380883065329538,1.2039728042259361,4.251470333896263,5.2345009313209605,0.6734607606454486,0.981495457452555,14.118545721851099,0.20268414582514435,0.13305469992074234,-1.132683333364955,0.5751867898979551,-0.01615787506327609,1.199385189619663,-0.06525366823612187,-0.03146711207942728,-1.7469653175866209,0.5204626748520195,-1.490541811681086
93,0,0,1,0.8146,161.9,15,5.376,3.368,22.98,21.75,3,49.66666667,0.02662,49.8875,29.46,-1.3942220801744156,0.823633535816497,3.872983346207417,528.0804,0.1631563667161046,1.3862943611198906,7.063108380875944,5.427706698044765,0.5964712229651857,0.9025519375637061,12.72399308393399,1.1840486200060913,-0.9765027375595228,0.1574160205345273,0.6160802870174431,0.5320069752617849,0.8660569725748791,-0.07541920595311755,0.36860436984513745,1.1713290425962495,0.7777780869058425,-1.6852774025076394
96,0,1,0,2.48325,616.6875,6,6.1975,3.0625,22.56,23.525,2.5,38,0.01525,49.7,28.9,-0.25467318894021646,0.47184115030809837,2.449489742783178,508.95359999999994,0.1234908903522847,1.252762968495368,7.049822692805827,5.375872022286245,1.2228355617415547,1.5758331129913472,24.833193511910626,0.009766342872867958,0.7198398842558973,-0.9972480995861176,0.4365690806268275,1.1225942950353702,-0.5709656530195548,-0.6934164209027985,0.07559402569907438,1.1575393769570963,0.7087436001115283,-0.10096564717715562
97,1,1,1,2.9992,928.1,2.4,5.918333333,3.793333333,26.5675,22.9175,3.6,48.625,0.09512,29.12,19.06,0.30684231729217704,2.943051161790578,1.5491933384829668,705.8320562499999,0.30841530441921977,1.5260563034950494,5.396295025292817,4.365775990588615,1.4341695566745856,1.7318198520631412,30.464733709651888,1.0792019878136436,0.14337936590866313,1.765000762617757,2.284337091677256,0.920463705310045,-1.4798185622343119,2.187748343673389,0.6752865217269782,-0.5587129947495616,-0.6365230604937118,0.43357776748696397
98,0,1,0,2.3574,406.3,11.4,5.285,2.945,19.475,20.229,2,44.83333333,0.03676,11.20333333,16.3,-0.5562688590278574,1.1373692252672587,3.3763886032268267,379.27562500000005,0.19172897537930986,1.0986122886681098,3.347138080509975,4.03732584763727,1.0925800387029512,1.5353826884526216,20.15688467993008,0.6975602475188775,-1.1644116585396855,-1.4413496842479048,-0.7805006714771281,0.02593186913467244,0.36474254467879264,0.36974858721157516,-0.2626615923902382,-2.685602393444822,-1.0739597131660958,-0.43043101353234164
99,1,1,1,0.507,109.25,5,5.531666667,3.033333333,17.345,17.535,3.333333333,15.33333333,0.031533333,42.77333333,39.3,-1.5660946008636452,0.9756540403782503,2.23606797749979,300.849025,0.17757627375299886,1.466337068716504,6.540132516241548,6.268971207462991,0.42884192791325204,0.7120393247567159,10.452272480183437,-2.2716963666696293,-0.6550614691139391,-1.1074860828542257,-1.5165596870528744,-0.8704299559188711,-0.7864157995946995,0.1492462514057253,0.5442435273368514,0.6285146793058571,1.898191455294901,-2.1092751403216368
101,1,1,1,0.9936,269.3,16.2,5.37125,2.83875,20.2525,17.0775,2.6,31.13333333,0.01714,33.01333333,29.19,-1.200196754132166,0.5303185125430037,4.024922359499621,410.16375625000006,0.13091982279242514,1.2809338454620642,5.745723046753994,5.40277706369604,0.7414871852350746,0.996794863550169,16.410362579784763,-0.6813826546635818,-0.9863111702480487,-1.842930904420796,-0.49060556597912824,-1.0226517580576966,1.0194400290818917,-0.5776719504230797,0.13740988931489476,-0.1960298160184188,0.7445762873758964,-1.3184773158622618
102,0,1,0,3.3382,862.6,10.6,6.41625,3.11125,23.67,23.3975,6.4,46.58333333,0.08002,26.68,17.72,0.3449816544433555,2.4758510719773135,3.255764119219941,560.2689,0.28287806560424583,2.0014800002101243,5.165268628057984,4.209513035969837,1.4474051452317542,1.8270741637930301,29.370052774893,0.8737025890385346,1.1715440212274413,-0.8129931868009079,0.9181797739626871,1.0801718255868458,0.24297163380039058,1.7898723085943302,1.7185173175098643,-0.7985031173892891,-0.8446372759144083,0.46705556505890816
103,0,0,0,0.514666667,126.1666667,32.5,4.93,3.46,20.03,18.67,0.666666667,34,0.001866667,49.9,34.66666667,-1.542700416064551,0.057755429804732264,5.70087712549569,401.20090000000005,0.04320494184696931,0.5108256239659906,7.063993204979744,5.887840577834967,0.4553016406026328,0.7174027230224318,11.2323936318133,-0.392844723457777,-1.8974629436820778,0.5051381123548201,-0.5747248717774407,-0.49278679651435225,2.7113232327828163,-1.9442899039485018,-1.5524524761947827,1.1722474315029043,1.390593847459187,-2.042348543034271
104,0,0,0,1.4292,628,6.2,5.06,3.033333333,18.145,19.025,2.6,40.55555556,0.05112,46.26,34.2,-0.6088219796928174,1.5816734166393434,2.4899799195977463,329.241025,0.22609732417700126,1.2809338454620642,6.80147042925278,5.848076606885378,1.0682593413151988,1.1954915307102765,25.059928172283335,0.2669900801425703,-1.6290216279961318,-1.1074860828542257,-1.2500915809482291,-0.37466933255963614,-0.5300906536118383,0.905215340329048,0.13740988931489476,0.8997661508321819,1.337635373479388,-0.49194723401916657
109,1,1,1,3.7984,931.2,21.33333333,6.2775,3.44,21.99,16.29,1.6,35,0.0193,46.56,17.12,0.5896654217808364,0.5971497836686097,4.618802153156162,483.5600999999999,0.13892443989449804,0.9555114450274363,6.823488843692792,4.13763217311544,1.52959648985634,1.9489484344127732,30.515569796417044,-0.2921919568751158,0.8850345400626335,0.42954635326345214,0.19824286717344927,-1.2846728928868232,1.6189641142726428,-0.4529581809363279,-0.576670355562872,0.9226198089513278,-0.9403696867932428,0.6749484884164771
110,0,1,0,2.738,850.5,5.4,5.441666667,3.241666667,19.5875,17.54,4.2,35.22222222,0.01542,30.97,19.08,0.12061377332262008,0.47710101886890993,2.32379000772445,383.67015624999993,0.12417729261020309,1.6486586255873816,5.56506963119061,4.368065933568311,1.3677038324588477,1.6546903033498443,29.16333314283537,-0.26982467563597506,-0.840905456896517,-0.32007192313275024,-0.7392565738649434,-0.868766329665988,-0.6978600506312481,-0.6827221163686,0.9443150092107783,-0.3835361148297914,-0.6334732673566226,0.2654608718040768
114,1,1,1,2.0256,695.15,4.2,5.47625,3.14,19.47,18.98666667,3,32.875,0.04402,58.45,31.36,-0.3183621684432675,1.3619965532172122,2.04939015319192,379.08089999999993,0.20980943734732238,1.3862943611198906,7.6452599694189605,5.6,1.1965106901138547,1.4232357499725756,26.365697411599033,-0.5060790858632709,-0.7694931845017067,-0.7043300331070663,-0.7823282286045323,-0.3874237993893232,-0.9748678281685175,0.6514463295693909,0.36860436984513745,1.7755638940350988,1.0072418484616863,-0.1675511805407044
115,0,0,1,0.59,66.5,1,6.41,4.01,20.69,22.65,2,44,0.0091,100,38,-1.5894716828375666,0.28155767001991444,1,428.07610000000005,0.09539392014169457,1.0986122886681098,10,6.164414002968976,0.4006598521968896,0.7681145747868608,8.154753215150045,0.6136829423688354,1.1586381887425408,2.583911487367438,-0.322492424426653,0.8314597007807857,-2.034231487819171,-1.1311736579369402,-0.2626615923902382,4.219628327692675,1.7589400208590231,-2.1805582435938806
116,0,1,0,2.5204,1017.45,3.666666667,5.7,3.18,18.61,19.16,1,38.33333333,0.00974,54.65,27.36,0.2491028913283552,0.30135952813120515,1.914854215599715,346.33209999999997,0.09869143833180262,0.6931471805599453,7.392563831310488,5.230678732248808,1.4138963509848788,1.5875767697972907,31.897492064424124,0.04331726473157936,-0.3074643815422419,-0.5531465149243303,-1.0896863123323357,-0.3297514237317854,-1.1106824084451674,-1.0797975685880805,-1.1523809949285129,1.513282013380467,0.5153721915508221,0.38229918072198077
118,0,1,0,3.1824,791.1,10.6,6.146666667,3.186666667,23.1875,23.3375,1.6,39,0.02838,41.32,28.4,0.20302221102753654,0.8780886456225463,3.255764119219941,537.66015625,0.1684636459299157,0.9555114450274363,6.428063471995279,5.329165037789691,1.3975057105527464,1.7839282496782207,28.126499960002132,0.1104191094555292,0.614872447400345,-0.5279492606340127,0.7059893989109914,1.0602083105522448,0.24297163380039058,0.007269420877222979,-0.576670355562872,0.5121944224625927,0.6465382779551604,0.3408410664801135
119,0,0,0,2.7648,827,11,6.42625,3.6925,21.99333333,20.58666667,2.6,53.20833333,0.0508,24.04,12.95,0.10119054141057617,1.571772487583698,3.3166247903554,483.7067109644888,0.2253885533916929,1.2809338454620642,4.903060268852505,3.598610843089316,1.360584632211674,1.6627687752661222,28.75760768909681,1.5405271676486654,1.192193353203283,1.3838923117919721,0.19961885851049957,0.14493660153334503,0.3044107306956165,0.8941725290101904,0.13740988931489476,-1.0706580545029578,-1.6582493753418108,0.24745372813082217
120,0,1,0,2.933,1184.55,8.4,6.51,3.21,21.71333333,22.94166667,5,35.08333333,0.06342,32.92,26.12,0.5977989359774261,1.9622403772157115,2.898275349237888,471.46884429968895,0.25183327818221324,1.791759469228055,5.737595315112421,5.110772935672255,1.5322528955682957,1.7126003620226173,34.41729216542173,-0.28380422666206967,1.36513150850096,-0.43975887628727917,0.08476252035431502,0.9285045666413985,-0.11791474435007919,1.3061874036269263,1.258323772383412,-0.2044658639784904,0.3556791866425151,0.6816675407887757
121,1,1,1,3.80025,980.9375,8.5,6.85,3.778333333,23.53666667,22.93666667,2,33,0.018525,23.3,21.95,0.651223837426162,0.5731709711119687,2.9154759474226504,553.9746779346889,0.136106575888162,1.0986122886681098,4.8270073544588685,4.685082710048992,1.5495882799718648,1.9494229915541677,31.319921775125813,-0.49349749004043825,2.0672087956795884,1.7083069432992306,0.8591064634123374,0.9268409403885155,-0.10055067000102451,-0.4968611481426171,-0.2626615923902382,-1.149595950292509,-0.21126380719742643,0.7255152690093839
122,0,1,0,2.29625,898.6875,6,5.38375,3.11,22.7525,16.6175,3.5,40.55555556,0.057475,51.25,38.5,0.0253988120895208,1.7782996796038002,2.449489742783178,517.67625625,0.23973944189473703,1.5040773967762742,7.158910531638177,6.2048368229954285,1.3324409225513605,1.5153382460691738,29.978117018918983,0.2669900801425703,-0.9604995052782458,-0.8177176717441191,0.5184340317095049,-1.175705373322964,-0.5709656530195548,1.117762661789339,0.6270578101480363,1.270765339726722,1.812775963584032,0.17626766709077615
123,0,1,0,0.806,275.9166667,13,5.265,3.11,19.9275,20.255,2,46.5,0.018333333,33.33333333,20.46666667,-1.2575906889800579,0.56724071683288,3.605551275463989,397.1052562499999,0.1354006388463511,1.0986122886681098,5.7735026916075824,4.524010020988017,0.70171882618321,0.8977750274985377,16.61073949889047,0.8653148588254885,-1.2057103224913703,-0.8177176717441191,-0.6131638134984136,0.03458272564966574,0.5960832013240478,-0.5078598090881564,-0.2626615923902382,-0.16719638171801324,-0.4257837258269331,-1.4190665014777082
124,1,1,1,4.43075,1880.25,8.75,5.9,3.38625,18.4475,15.53375,9.25,28.16666667,0.06985,23.2,14.775,1.9727218206508503,2.161187170427585,2.958039891549808,340.31025625000007,0.2642915057280502,2.327277705584417,4.8166378315169185,3.843826218756514,1.9294356223131288,2.104934678321396,43.36184959154764,-0.9799858615211249,0.10552225797459863,0.22639350070540093,-1.1462032642667035,-1.5362963636354283,-0.05758219399373611,1.5002894448054682,2.4334211007883737,-1.160358829373544,-1.3316664968817753,1.6862925234711308
125,0,0,0,1.675,888.15,10.8,6.343333333,3.903333333,25.09333333,22.65666667,2.8,31.33333333,0.02922,39.88,24.12,-0.20440474311280582,0.9040785843936153,3.286335345030997,629.6753776104889,0.17093858546273277,1.33500106673234,6.315061361538778,4.91121166312347,1.243219713842728,1.2942179105544784,29.801845580433437,-0.6612521013470497,1.02097597488195,2.18075543762028,1.5695820224926054,0.833677870227048,0.2738334115259564,0.04582954617159428,0.25605056848441216,0.3949057045964294,0.0898993812742662,-0.049406435074782915
126,0,0,0,0.861666667,268.6666667,3.333333333,5.766666667,3.411666667,21.4,18.07,3.333333333,36,0.0528,40.8,28.2,-1.2470345830424467,1.6336532941814816,1.8257418582592666,457.9599999999999,0.22978250586152116,1.466337068716504,6.387487769068525,5.310367218940701,0.709200547770201,0.9282600212225021,16.391054471875812,-0.19153919029245453,-0.16980216768165124,0.322458029143877,-0.04202235412443495,-0.6924219468603535,-1.2006416983290409,0.9626313157916341,0.5442435273368514,0.4700795260808184,0.621502956365844,-1.4001424045478992
128,1,1,1,2.5215,597.875,12,5.5175,3.0775,19.2125,17.8325,1.75,27.33333333,0.02105,27.5625,20.3625,-0.26435816769468157,0.6512954894416702,3.4641016151377544,369.1201562499999,0.14508618128546907,1.0116009116784799,5.25,4.512482686947397,1.218869079230956,1.5879231719450408,24.451482572637595,-1.0638631676776946,-0.6843146901013588,-0.9405542802675911,-0.8758130314523832,-0.7714441938723124,0.4532891896175773,-0.35695683750273155,-0.4535922268669147,-0.7105575565677007,-0.4411360662815763,-0.11099837809719919
129,0,1,0,5.9204,1064.2,18.33333333,5.87,3.29,21.8,25.07,0.8,37,0.01142,30.04,9.52,1.4934067659814938,0.35333940567334315,4.281744192499127,475.24,0.10686440005914037,0.5877866649021191,5.4808758424178885,3.0854497241083023,1.8009460752564175,2.4331872102244825,32.62207841324645,-0.09088642370979329,0.04357426204707209,-0.1373918399218071,0.1201560367422984,1.636654807176323,1.2787027218534972,-0.9524609512471599,-1.3835754754587553,-0.47092369987182775,-2.341687903185357,1.3612939767200252
130,0,0,1,2.5766,928.4,6.333333333,6.12,3.621666667,18.35,16.63,1.4,20.25,0.01828,49.48,20.28,0.15966637832470443,0.5655905723037402,2.5166114783573565,336.7225,0.13520355024924458,0.8754687373538999,7.03420215802759,4.503332099679081,1.3819067907513534,1.6051791177311023,30.469657037781044,-1.776820263969369,0.5598075614431224,1.1161714996032404,-1.179875517475446,-1.171546307690756,-0.5032059859179702,-0.5109304946130947,-0.7523095132233797,1.141326294837462,-0.45332300652361945,0.3013855124489189
131,1,1,1,1.421,477.625,2,5.825,3.493333333,20.145,16.425,5,29.66666667,0.06205,32.25,25.3,-0.7958461179129961,1.9198520246962298,1.4142135623730951,405.82102499999996,0.249098374141623,1.791759469228055,5.678908345800274,5.029910535983717,0.9768080067684765,1.192057045614848,21.85463337601434,-0.829006711647133,-0.04934773184421681,0.6311243762472368,-0.5313635038316565,-1.2397549840589723,-1.6160811993132285,1.2635769717053007,1.258323772383412,-0.26537905717696875,0.24798498036521607,-0.7232621659102081
132,0,0,0,3.2786,908.15,23.2,5.515,2.948,20.3875,18.09375,4.2,32.76666667,0.02922,19.64,24.36,0.3799575380211408,0.9040785843936153,4.8166378315169185,415.65015624999995,0.17093858546273277,1.6486586255873816,4.431703961232068,4.935585071701226,1.4594374046258856,1.8106904760339355,30.135527206272666,-0.5169831352408834,-0.6894770230953202,-1.4300109203841993,-0.4391139268789417,-0.6845197221591578,1.8186800422335097,0.04582954617159428,0.9443150092107783,-1.5598947311950355,0.12236038788752703,0.4974896891320443
133,1,1,1,1.7262,548,3.4,6.11,3.29,21.73,22.075,3.6,33.38888889,0.03432,27.55,15.36,-0.6031040621998068,1.0618746412179632,1.8439088914585775,472.1929,0.18525657883055058,1.5260563034950494,5.248809388804284,3.919183588453085,1.0709322750763437,1.3138493064274912,23.40939982143925,-0.4543547473686783,0.5391582294672808,-0.1373918399218071,0.0915580173667185,0.6401426816992017,-1.1823020038727148,0.2689071652027974,0.6752865217269782,-0.7117933322541764,-1.231304002720382,-0.48518637597403214
134,0,1,0,0.945,253.15,6.8,5.03,3.1525,19.205,17.765,2.4,26.33333333,0.0119,36.72,33.11,-1.236943169460433,0.3681907992568112,2.6076809620810595,368.83202499999993,0.10908712114635714,1.2237754316221157,6.059702963017247,5.754128952326321,0.7162798549027937,0.972111104761179,15.910688231500233,-1.164515934260356,-1.6909696239236565,-0.6570851836749624,-0.8785172364572107,-0.7939031482862372,-0.4112709689306387,-0.9178304471556264,0.011986150515283676,0.1298605736873376,1.2125139557583935,-1.382236165614067
135,1,1,1,1.5,295.5,11.5,4.92,2.755,17.2625,15.865,9.5,25.66666667,0.02125,39.6,23.8,-0.9913095022860654,0.6574835701014485,3.391164991562634,297.99390624999995,0.14577379737113252,2.3513752571634776,6.29285308902091,4.878524367060187,0.8710284138384549,1.224744871391589,17.190113437671084,-1.231617777977778,-1.9181122756579192,-2.1594713956159,-1.5433559002825297,-1.4260811243819067,0.3796593692518333,-0.3462436212539985,2.4862987930109988,0.3718549863477137,0.04636576839058538,-0.9908186696544937
136,1,1,1,2.7402,866.5,10.8,6.4175,3.8575,18.905,18.09166667,2.8,33.83333333,0.03456,44.44,29.4,0.1409767443117514,1.069300338009697,3.286335345030997,357.39902500000005,0.185903200617956,1.33500106673234,6.6663333249995835,5.422176684690384,1.3751279010738424,1.6553549468316455,29.436372059070052,-0.4096201848903962,1.1741251877244228,2.007524324295758,-0.985819640553237,-0.6852128986554421,0.2738334115259564,0.27898168088684044,0.25605056848441216,0.7595027731839855,0.7704131014342657,0.2842391426138324
137,0,1,0,1.0496,364.65,2,5.21,2.9975,22.31,23.49,2,48,0.01742,43.76,34.36,-1.0638721044070858,0.5389818254666934,1.4142135623730951,497.73609999999996,0.13198484761517135,1.0986122886681098,6.615134163416491,5.861740355901138,0.8283283742531787,1.0244998779892558,19.095811058973116,1.0162940086994803,-1.3192816483585008,-1.2429213166330633,0.33128921375486176,1.1109489112651867,-1.6160811993132285,-0.5610786195306823,-0.2626615923902382,0.7063614292423166,1.3558330353184178,-1.0988231815336145
138,1,1,1,0.7455,192.0625,19.33333333,5.13,3.15,17.52,17.3,1,23,0.0031,32.32916667,22.85,-1.381407717454795,0.09591525022656425,4.3969686523785905,306.9504,0.055677643628300216,0.6931471805599453,5.685874310077563,4.780167361086848,0.6071180136886115,0.8634234187233979,13.8586615515352,-1.5000251558670505,-1.4844763041652371,-0.6665341535613831,-1.4592963086052753,-0.9486203898043879,1.3950222862480135,-1.7499623508627857,-1.1523809949285129,-0.2581488469137786,-0.08462811419155336,-1.6583476514738895
139,0,0,0,1.287,385.6,8.2,5.683,3.289,19.27125,18.54,5.6,28.83333333,0.03388,32.12,14.91,-0.9553310321762005,1.0482608637664506,2.8635642126552705,371.3810765624999,0.1840652058374966,1.8870696490323797,5.6674509261219015,3.8613469152615645,0.8914420720516838,1.1344602240713422,19.636700333813724,-0.9128840178037028,-0.3425682459011741,-0.14117142787637507,-0.8545935628089134,-0.53604107908932,-0.15295577896332294,0.25034530085203444,1.4674646196118688,-0.27727110112820186,-1.3083320730852441,-0.9391848254613552
140,0,1,0,2.7504,815.4,1.75,5.615,3.293333333,21.05,18.8875,2.8,42.5,0.04604,15.21,20.93,0.08195674734255612,1.4244961678809736,1.3228756555322954,443.1025,0.2145693361130616,1.33500106673234,3.9,4.57493169347915,1.3534979672472938,1.6584329953302304,28.555209682297903,0.46270379249484356,-0.48298370333689894,-0.12479321466644157,-0.1814647987021238,-0.42041905451392775,-1.7082871905371657,0.725606643533309,0.25605056848441216,-2.1117682815680183,-0.3579651955536786,0.22952887846410974
141,0,1,0,3.08,823.7,18,5.59,2.9875,20.93625,20.9325,4.2,47,0.03232,42.74666667,28.76,0.20719562302121683,0.9999938346201797,4.242640687119285,438.32656406250004,0.17977764043395386,1.6486586255873816,6.538093504225831,5.362835071116769,1.398998078276456,1.7549928774784245,28.70017421549911,0.9156412421168191,-0.5346070332765047,-1.280717196178748,-0.2262885027082781,0.26000408291535904,1.2392275729411917,0.1835440489522615,0.9443150092107783,0.6263983196726516,0.6913807205299117,0.3446158275601707
142,1,1,1,1.2306,391.85,4.8,5.444,2.802,22.3125,19.4275,5.2,55.44444444,0.07302,36.68,33.8,-0.9673678483928416,2.2592682488850717,2.1908902300206643,497.84765625,0.2702221308479378,1.824549292051046,6.056401571890688,5.813776741499453,0.8846649939989478,1.1093241185514717,19.79520143873257,1.7655979372563904,-0.8360872801237978,-1.9818307617511848,0.3323362052546379,-0.2407474192025273,-0.8320229207961757,1.5926899437528146,1.3302750722314494,0.1264339480177409,1.2919541076205534,-0.9563266130138155
143,0,1,0,1.612333333,420.8333333,12.66666667,5.54,3.4475,20.4325,18.6475,2.666666667,40,0.038,52.4,29.01666667,-0.7985970738760753,1.1757353253578844,3.55902608447873,417.48705625,0.19493588689617927,1.29928298422117,7.238784428341543,5.386712046322877,0.9753988548916411,1.269776883157037,20.51422270767284,0.21107187603819044,-0.6378536931557144,0.4578932629227145,-0.4218740260581597,-0.5002731146523276,0.5491158303818167,0.4197130038200461,0.17767373556794477,1.3536691624736286,0.7231805669731168,-0.7268264427141488
144,1,1,1,1.605333333,359.6666667,10.66666667,6.32,3.19,19.97,16.57,1.666666667,50,0.016233333,14.96666667,18.73333333,-0.8759505928467584,0.5022658699052074,3.2659863242212146,398.80089999999996,0.12741009771599737,0.9808292531367263,3.868677638418585,4.328202089782777,0.9349060953663965,1.2670174951436148,18.96487982297805,1.217599541864803,0.9727942009599629,-0.5153506353786471,-0.5972496482867099,-1.1915098227253558,0.25329099163590074,-0.6323542717086456,-0.5211150324188469,-2.144278821553364,-0.686564754032523,-0.8292479104607666
145,0,1,0,2.845,816.3333333,8,5.255,3.4525,21.33,16.56,3.333333333,44.83333333,0.039133333,26.66666667,23.4,0.11612770491755504,1.2108011054498273,2.8284271247461903,454.9688999999999,0.19782146749026,1.466337068716504,5.163977795265971,4.8373546489791295,1.3660628480847998,1.6867127793433,28.571547618216275,0.6975602475188775,-1.226359654467212,0.47679120269555775,-0.07009479538146543,-1.1948370752311228,-0.18842681318601812,0.464671010987239,0.5442435273368514,-0.7998429164651037,-0.008464908518303673,0.2613102031386214
146,0,0,0,3.0936,904.5,23,5.9775,3.2025,23.79,23.2275,1.2,41.66666667,0.03132,39.48,31.76,0.31089796613766824,0.969053431321288,4.795831523312719,565.9640999999999,0.1769745744450315,0.7884573603642702,6.2833112289620034,5.635601121442148,1.4355827966849102,1.758863269273652,30.074906483645133,0.3788264873448015,0.26555458078737354,-0.4681057859465415,0.97163106861918,1.0236085329888116,1.7976759888449994,0.13987163824968235,-0.9432401477000557,0.36195116660623833,1.0546561538874673,0.4371523847230516
147,0,1,0,2.36225,583.875,28,5.51,3.44875,20.22,18.7025,3.5,32.5,0.022275,23.15,23.725,-0.3371030186865133,0.6891974834828125,5.291502622129181,408.84839999999997,0.149248115565993,1.5040773967762742,4.811444689487764,4.870831551183022,1.1886534319613462,1.5369612877362917,24.16350554038052,-0.5438238733317688,-0.6998016890832409,0.46261774786592574,-0.5029506099630122,-0.4819732258706109,2.2980579941726544,-0.29211294730018145,0.6270578101480363,-1.165748967379249,0.03612031805619262,-0.18742515114382632
149,0,0,1,3.2128,918.95,5.2,5.9775,3.575,19.4775,16.7875,2.2,40.5,0.02304,23.35,12.4,0.37021117138187043,0.7128668920064647,2.280350850198276,379.37300624999995,0.1517893276880822,1.1631508098056809,4.832183771339828,3.521363372331802,1.4560944926006245,1.7924285201926464,30.31418809732499,0.26139825932952104,0.26555458078737354,0.9397907271301866,-0.779586716938611,-1.11914208072493,-0.7417120581511366,-0.25252027987214143,-0.12104355098800358,-1.1442231718846028,-1.7611291449529338,0.4890342032577956
151,0,0,1,2.71425,1028.4375,9.5,5.82,3.365,18.08,21.92,2.5,33.75,0.02355,44.95,38.2,0.3302383741463064,0.7286464976888994,3.082207001484488,326.8863999999999,0.15346009253222806,1.252762968495368,6.704476116744694,6.180614856144977,1.4423031491840772,1.6474981031855545,32.06926098306601,-0.4180079151034423,-0.0596723978321376,0.14607725667082336,-1.27219049840162,0.588570267859819,0.06776501227511376,-0.2264893805821035,0.07559402569907438,0.7990924686467276,1.7805166501765406,0.45415069194659913
152,0,0,0,0.9688,423.3,12,5.8725,3.02,21.71,21.965,1.8,37,0.02544,30.19,23.44,-1.020254519442517,0.7871238599238047,3.4641016151377544,471.32410000000004,0.1594992162990151,1.0296194171811583,5.494542747126461,4.841487374764082,0.8542514153090313,0.9842763839491426,20.574255758107025,-0.09088642370979329,0.04873659504103157,-1.1578805876552745,0.08340404827036366,0.6035429041357684,0.4532891896175773,-0.13239844784304705,-0.41405389513406665,-0.45673835657167267,-0.0029608593571796315,-1.0332540293067582
154,0,0,0,0.6805,138.5,10.5,4.475,3.3,21.44,19.375,2,42,0.02185,65.4,44.7,-1.4696982437158377,0.6760478120807836,3.24037034920393,459.6736000000001,0.14781745499094484,1.0986122886681098,8.087026647662292,6.685805860178712,0.5294353183195869,0.8249242389456137,11.76860229593982,0.4123774092035129,-2.837007548582889,-0.09959596037612393,-0.02593966369681585,-0.2582154948578018,0.2274315598913881,-0.31440296703443377,-0.2626615923902382,2.2340884921849655,2.453340415083392,-1.854836499640649
155,0,0,1,2.1415,499.875,14.5,6.2225,3.36,19.025,18.465,3,29.66666667,0.0732,41.2,16.3,-0.5170471098670145,2.264837521478872,3.8078865529319543,361.95062499999995,0.27055498516937365,1.3862943611198906,6.418722614352485,4.03732584763727,1.110384118282041,1.4633864834690802,22.357884515311373,-0.829006711647133,0.771463214195503,0.1271793168979801,-0.9431014019034104,-0.5609954728825698,0.8003414930212949,1.5978758903867232,0.36860436984513745,0.5024992299368266,-1.0739597131660958,-0.3853977783627028
156,0,1,0,4.727,1054.25,15,6.056666667,3.173333333,19.7575,17.0975,2.5,31.5,0.04885,43.13333333,28.6,1.0645666201703146,1.5114387011508592,3.872983346207417,390.35880625,0.22102036105300343,1.252762968495368,6.567597226535744,5.347896782848375,1.6776670170717174,2.1741665069630707,32.46921619010844,-0.6444766399144302,0.42902845961776714,-0.5783437692146496,-0.6764814295321436,-1.0159972530461634,0.8660569725748791,0.8261150909773285,0.07559402569907438,0.6570212323601194,0.6714856011122003,1.0494747223709624
157,1,1,1,2.9964,683.6,5.8,6.533333333,3.446666667,23.55625,22.3325,4,37.43333333,0.04854,27.6,19.58,0.0064304903404698854,1.5018471761282028,2.4083189157584592,554.8969140625,0.22031795206019866,1.6094379124341003,5.253570214625479,4.424929377967517,1.3253039237625723,1.7310112651279888,26.145745351777602,-0.04727022519281562,1.4133132824229473,0.45474360755377147,0.8677619478572196,0.7258194337226939,-0.6125277716034647,0.8151713978441004,0.8582522906782785,-0.7068519098834236,-0.5577413631050366,0.15821550418995445
161,1,1,1,0.8165,94.25,16.5,5.425,3.33,21.14,21.565,1.25,38,0.006525,35.475,18.25,-1.4764083296304942,0.20188613152526833,4.06201920231798,446.8996,0.08077747210701756,0.8109302162163288,5.956089321022645,4.272001872658765,0.5230599108797249,0.9036038955205982,9.7082439194738,0.009766342872867958,-0.8753210108778979,0.01379167826092892,-0.14582778666739749,0.4704528039051017,1.0568894439158374,-1.3589012690977211,-0.8939275546256142,0.022316465228686407,-0.761413358564355,-1.8709623106530173
162,0,0,0,1.9035,549.875,1.25,6.148333333,3.823333333,19.78,21.0825,4.5,43.55555556,0.0485,10.53333333,18.575,-0.5389066166003903,1.5006095599962472,1.118033988749895,391.24840000000006,0.2202271554554524,1.7047480922384253,3.245509718056626,4.30987238790199,1.1004968802316568,1.3796738745080301,23.44941363872453,0.568948379890554,0.6183140013530303,1.8783884012548082,-0.668132304364313,0.3099128705018588,-1.9150756925175694,0.8137567659272817,1.0673931379067358,-2.7910859130254533,-0.7109766278200217,-0.4104063340885538
165,1,1,1,1.9265,542.375,19.25,4.995,3.1225,19.7975,19.17,1.75,46.5,0.012425,36.35,36.275,-0.5400616717915887,0.38443451098872933,4.387482193696061,391.94100625,0.11146748404803977,1.0116009116784799,6.029096117993144,6.022873068561216,1.099971967010256,1.387984149765407,23.288945875672432,0.8653148588254885,-1.763242285839104,-0.7704728223120135,-0.6616319706184085,-0.32642417122601824,1.3854456673360853,-0.8807438474557624,-0.4535922268669147,0.09809269257163725,1.5704328946111779,-0.41173403768805705
166,1,1,1,2.8232,1014.75,13.75,5.818333333,3.248333333,21.11666667,18.87666667,2,33,0.01876,21.28,14.16,0.3515135394421087,0.5804419658872082,3.7080992435478315,445.91361125188894,0.13696714934611146,1.0986122886681098,4.613025037868319,3.7629775444453557,1.4496598012782547,1.680238078368658,31.85514087239295,-0.49349749004043825,-0.06311395384975625,-0.29487467262201916,-0.15508161008067062,-0.42402357695275766,0.6996057953074216,-0.4834532163836661,-0.2626615923902382,-1.3716954443422067,-1.4393424234193135,0.47275844093730796
167,0,0,0,2.9068,917.55,19.4,5.64875,3.1325,26.68,20.71,2.6,37.83333333,0.0267,24.48,18.4,0.2616621117205238,0.8261087680804083,4.404543109109048,711.8224,0.16340134638368192,1.2809338454620642,4.947726750741193,4.2895221179054435,1.4183307483519223,1.7049340163185203,30.291087798228705,-0.00700911855975126,-0.4132922079184332,-0.7326769427663304,2.340558405919941,0.18597271466205034,1.4026687313546657,-0.07160236657134765,0.13740988931489476,-1.024297200080393,-0.7380795357630006,0.39351544486967827
168,0,1,0,4.8218,1497.45,4.2,6.72,3.285,21.36,18.835,3.4,34.22222222,0.08738,43.16,20.89,1.640442538889943,2.7035724402571564,2.04939015319192,456.2496,0.29560108254199613,1.4816045409242156,6.569627082262737,4.570557952810575,1.8413154370965186,2.1958597405116747,38.69689910057394,-0.3704774422186363,1.7987674799936422,-0.1562897796946487,-0.058075011516706306,-0.43788713016920233,-0.9748678281685175,1.9880998292011214,0.5777452170735948,0.6591280883711309,-0.3637902332916034,1.463403325159954
169,1,1,1,6.333,1495.75,20.33333333,6.481666667,3.711666667,24.10166667,24.38,3.333333333,46.33333333,0.0756,13.4,13.13333333,2.1659694326212797,2.3390944893962122,4.509249752453283,580.8903362717889,0.2749545416973504,1.466337068716504,3.6606010435446255,3.623994112853938,1.9788808535688245,2.5165452509343043,38.67492727853538,0.8485393973928693,1.3066250685910523,1.4563344155143956,1.1117186253469227,1.4070743842784215,1.5083705168588395,1.6664219896788353,0.5442435273368514,-2.360248567004429,-1.6244434148391198,1.8113581702103227
170,1,1,1,4.888,996.3,18.75,5.971666667,3.396666667,22.845,19.08,2.2,31.83333333,0.0132,38.73,17.2,1.0498067279145522,0.4084133235453704,4.330127018922194,521.8940249999999,0.11489125293076058,1.1631508098056809,6.223343153000644,4.147288270665544,1.6732623009900605,2.2108821768696765,31.564220250150328,-0.610925718055719,0.25350913782311013,0.2657642098253506,0.5580191560684732,-0.35636944377791946,1.327545383382082,-0.827400743373372,-0.12104355098800358,0.2997082694249861,-0.9275094975656161,1.0383335333934818
171,0,1,0,3.3002,1095.2,2.4,6.245,3.015,24.39,16.86,2,27,0.015,44,26.92,0.6165751885511337,0.4641060494833754,1.5491933384829668,594.8721,0.1224744871391589,1.0986122886681098,6.6332495807108,5.1884487084291395,1.5383677026482108,1.8166452598127132,33.09380606699689,-1.0974140895364057,0.8179242111411474,-1.176778527428116,1.2429420016733193,-1.0950195000581222,-1.4798185622343119,-0.7092522159709396,-0.2626615923902382,0.7251640344279767,0.45912937766144746,0.6971341951599569
172,1,1,1,2.5778,814.7,17.2,5.46625,3.3025,19.97833333,20.285,2.8,36.72222222,0.05474,31.04,19.64,0.02083922290214954,1.6936776765813313,4.147288270665544,399.13380264458897,0.23396580946796477,1.33500106673234,5.571355310873647,4.431703961232068,1.3307288314687367,1.6055528642807124,28.542950092798748,-0.1188455257619832,-0.7901425164775501,-0.09014699048970147,-0.59412524925808,0.044564483166966165,1.1429689178130507,1.0278081449908723,0.25605056848441216,-0.3770119949884669,-0.5487188338411833,0.17193714272903426
173,0,1,0,2.697,752.8125,13.25,5.79,3.07,21.50875,19.45375,5,45.66666667,0.0738,31.2,20.7,-0.01333658019630744,2.2834017634582073,3.640054944640259,462.62632656249997,0.2716615541441225,1.791759469228055,5.585696017507576,4.54972526643093,1.3178252614833623,1.6422545478700918,27.437428815397407,0.7814375536754464,-0.12162039375966414,-0.9689011899268553,0.001772630433721812,-0.23201338137488942,0.6309147967404609,1.6151164886912048,1.258323772383412,-0.3621272898480636,-0.39153563329112623,0.1392991454038752
175,0,1,0,2.1274,870.1,12,6.085,3.3225,23.9,24.94,1.75,49.5,0.051275,39.07,29.54,-0.06856272901040918,1.5864691791506718,3.4641016151377544,571.2099999999999,0.22643983748448504,1.0116009116784799,6.250599971202765,5.435071296680476,1.2967024604702464,1.4585609346201482,29.497457517555645,1.1672731585734721,0.48753489952767504,-0.014555231398335132,1.020865537406668,1.5934005246013565,0.4532891896175773,0.910551776179879,-0.4535922268669147,0.32799904423550114,0.7875864107705652,0.08587161149292202
176,0,1,0,1.7878,480.1,12.25,5.05,3.173,16.88375,18.55375,5,40,0.03176,44.24,29.6,-0.6647532786826521,0.9826672087728001,3.5,285.06101406249996,0.1782133552795637,1.791759469228055,6.6513156593263565,5.440588203494177,1.0417517560903595,1.3370863846438643,21.91118435867856,0.21107187603819044,-1.6496709599719734,-0.5796036306063095,-1.6647352778416549,-0.5314661068938902,0.48952875623399955,0.15917212763879324,1.258323772383412,0.7439154293278413,0.7949339406818193,-0.5589949190121839
177,0,0,1,2.7716,998.2,12.6,6.016,3.428,23.67,23.624,2.4,44.75,0.03484,39.06,26.6,0.3132298549857635,1.0779636509333868,3.5496478698597698,560.2689,0.18665476152512156,1.2237754316221157,6.249799996799898,5.157518783291051,1.4363947420489132,1.6648123017325407,31.59430328397827,0.6891725173058313,0.34505450889436523,0.3841912978086313,0.9181797739626871,1.1555340948424604,0.5396484842956045,0.2906911721137507,0.011986150515283676,0.32716872370733635,0.41793626750403445,0.4392061009154341
178,0,1,0,2.204333333,882,9.333333333,5.448333333,3.073333333,23.6725,20.9725,6.666666667,41.33333333,0.059333333,32.4,21.06666667,-0.027129119689403847,1.8357972520874395,3.055050463249339,560.38725625,0.24358434473504245,2.0368819273045182,5.692099788303083,4.589843861178722,1.3125817613812085,1.4846997450663215,29.698484809834994,0.3452755644795631,-0.8271392369559109,-0.9563025646714897,0.9192905856625718,0.2733130929384255,0.04035037564952214,1.1776671294746992,1.7962004048909002,-0.25168721220425644,-0.3381048640465115,0.12603635514485817
179,0,0,0,2.663,778.15,4.5,5.858333333,3.226666667,20.985,20.585,2.4,29.75,0.03342,39.25,24.04,0.005823248065935498,1.0340282782489605,2.1213203435596424,440.37022499999995,0.18281137820168633,1.2237754316221157,6.264982043070834,4.903060268852505,1.3250748084791044,1.6318700928689145,27.89534011264247,-0.8206189814340873,0.019483374053611856,-0.37676574245127664,-0.20710808359248334,0.1443820583399668,-0.9022540062496237,0.23081037884957314,0.011986150515283676,0.34292668375347435,0.07904318680754012,0.1576359851872711
180,1,1,1,3.4318,1086.3,9.4,6.0275,3.57375,18.47,21.69,3,28.875,0.04772,17.96,16.32,0.6516213576371319,1.4764760454231116,3.0659419433511785,341.14089999999993,0.21844907873461036,1.3862943611198906,4.237924020083418,4.039801975344831,1.5497165410606972,1.8525118083294367,32.95906552073344,-0.9086901521939159,0.36880124066658326,0.9350662421869754,-1.1384074039218837,0.5120434602271852,0.05134536944148972,0.7860539229973647,0.36860436984513745,-1.7610254955116418,-1.0706619553808434,0.7258396896990831
181,1,1,1,1.889,594.85,4.4,6.62625,3.48875,23.021,20.478,3.4,44.58333333,0.04848,38.76,27.85,-0.48888905376393965,1.4999907519302695,2.0976176963403033,529.966441,0.22018174311236616,1.4816045409242156,6.2257529665093525,5.277309920783504,1.1229919617860407,1.3744089638822936,24.38954694126154,0.6723970558732121,1.6051799927201233,0.6138012660486618,0.6337813920225751,0.10878045652826357,-0.9261819257420179,0.8130492312113433,0.5777452170735948,0.3022094964869512,0.5774765670869714,-0.35350778489376555
183,0,1,0,3.815,1382.85,9,6.537,3.543,22.285,22.729,9.6,32.2,0.1113,32.44,24.76,1.1485877344090318,3.443666887166646,3,496.621225,0.3336165463522455,2.3608540011180215,5.6956123463592565,4.975942121849892,1.7025239306421016,1.953202498462461,37.18669116767449,-0.5740197033065669,1.4208847048357338,0.8188439125839978,0.3208257511670408,0.8577449955763427,-0.015223292576634549,2.580389470305334,2.5070981718956555,-0.24804140922611087,0.17610873693720017,1.112347235911127
184,1,1,1,2.591,633.6,1.8,5.617,3.097,18.695,17.14875,3.2,37,0.03622,18,15.84,-0.196341774961993,1.1206614074858572,1.3416407864998738,349.50302500000004,0.19031552748002462,1.4350845252893227,4.242640687119285,3.97994974842648,1.246458272481677,1.6096583488430085,25.17141235608364,-0.09088642370979329,-0.478853836941731,-0.866852315153508,-1.0599261552687302,-0.9989450839541092,-1.6893437139329954,0.3477267449116675,0.47566550740420777,-1.7561299070398553,-1.150374381634925,-0.041214898289598616
185,0,1,0,1.24325,465.375,12.66666667,5.5225,3.0475,18.51,14.82,2,16.66666667,0.003975,50.9,53.0125,-0.8729067279252403,0.1229881031130945,3.55902608447873,342.62010000000004,0.06304760106459247,1.0986122886681098,7.134423592694787,7.280968342191855,0.9365325792916975,1.115011210705973,21.572552004804624,-2.1374926772217293,-0.6739900241134381,-1.053941918904644,-1.124524633333337,-1.7737790112345249,0.5491158303818167,-1.6351367244628794,-0.2626615923902382,1.2453495164156814,3.245990044000082,-0.8251339189015656
